{"cameraMode":{"drawMode":0,"name":"Shaded","section":"Shading Mode"},"sceneLighting":true,"audioPlay":false,"sceneViewState":{"showFog":true,"showMaterialUpdate":false,"showSkybox":true,"showFlares":true,"showImageEffects":true,"showParticleSystems":true},"in2DMode":false,"pivot":{"x":289.31683349609377,"y":118.5804672241211,"z":-422.63812255859377},"rotation":{"x":0.12087994813919068,"y":0.016375061124563218,"z":0.0019998906645923855,"w":-0.9925492405891419},"size":25.209819793701173,"orthographic":false}