{"cameraMode":{"drawMode":0,"name":"Shaded","section":"Shading Mode"},"sceneLighting":true,"audioPlay":false,"sceneViewState":{"showFog":true,"showMaterialUpdate":false,"showSkybox":true,"showFlares":true,"showImageEffects":true,"showParticleSystems":true,"showVisualEffectGraphs":true,"m_FxEnabled":true},"in2DMode":false,"pivot":{"x":0.7904330492019653,"y":-5.746844291687012,"z":4.97383975982666},"rotation":{"x":0.44114241003990176,"y":-0.009422853589057923,"z":0.004632130265235901,"w":0.8973767757415772},"size":9.629770278930664,"orthographic":false}