{"cameraMode":{"drawMode":0,"name":"Shaded","section":"Shading Mode"},"sceneLighting":true,"audioPlay":false,"sceneViewState":{"showFog":true,"showMaterialUpdate":false,"showSkybox":true,"showFlares":true,"showImageEffects":true,"showParticleSystems":true,"showVisualEffectGraphs":true,"m_FxEnabled":true},"in2DMode":false,"pivot":{"x":725.1419067382813,"y":308.823486328125,"z":-0.449981689453125},"rotation":{"x":0.013499435968697071,"y":-0.004499597474932671,"z":0.000060740861954400316,"w":0.9998989701271057},"size":261.8140563964844,"orthographic":false}