{"cameraMode":{"drawMode":0,"name":"Shaded","section":"Shading Mode"},"sceneLighting":true,"audioPlay":false,"sceneViewState":{"showFog":true,"showMaterialUpdate":false,"showSkybox":true,"showFlares":true,"showImageEffects":true,"showParticleSystems":true,"showVisualEffectGraphs":true,"m_FxEnabled":true},"in2DMode":false,"pivot":{"x":652.5878295898438,"y":281.4902038574219,"z":-64.52923583984375},"rotation":{"x":0.08533093333244324,"y":0.038847681134939197,"z":-0.0033295927569270136,"w":0.9955891370773315},"size":312.18170166015627,"orthographic":true}