{"cameraMode":{"drawMode":0,"name":"Shaded","section":"Shading Mode"},"sceneLighting":true,"audioPlay":false,"sceneViewState":{"showFog":true,"showMaterialUpdate":false,"showSkybox":true,"showFlares":true,"showImageEffects":true,"showParticleSystems":true,"showVisualEffectGraphs":true,"m_FxEnabled":true},"in2DMode":false,"pivot":{"x":785.0643310546875,"y":289.45013427734377,"z":1865.598388671875},"rotation":{"x":0.010189466178417206,"y":0.012596460059285164,"z":0.00012835687084589154,"w":-0.9998700022697449},"size":1197.99462890625,"orthographic":false}